{"cameraMode":{"drawMode":0,"name":"Shaded","section":"Shading Mode"},"sceneLighting":true,"audioPlay":false,"sceneViewState":{"showFog":true,"showMaterialUpdate":false,"showSkybox":true,"showFlares":true,"showImageEffects":true,"showParticleSystems":true},"in2DMode":false,"pivot":{"x":4.110000133514404,"y":1.635718584060669,"z":4.531702041625977},"rotation":{"x":0.3144210875034332,"y":-0.14868968725204469,"z":0.04993373900651932,"w":0.9362396001815796},"size":6.716440200805664,"orthographic":false}