{"cameraMode":{"drawMode":0,"name":"Shaded","section":"Shading Mode"},"sceneLighting":true,"audioPlay":false,"sceneViewState":{"showFog":true,"showMaterialUpdate":false,"showSkybox":true,"showFlares":true,"showImageEffects":true,"showParticleSystems":true},"in2DMode":false,"pivot":{"x":70.21700286865235,"y":22.979999542236329,"z":57.880001068115237},"rotation":{"x":0.1456141173839569,"y":0.24564693868160249,"z":-0.0373537503182888,"w":0.9576371312141419},"size":7.700988292694092,"orthographic":true}