{"cameraMode":{"drawMode":0,"name":"Shaded","section":"Shading Mode"},"sceneLighting":false,"audioPlay":false,"sceneViewState":{"showFog":true,"showMaterialUpdate":false,"showSkybox":false,"showFlares":true,"showImageEffects":true,"showParticleSystems":true},"in2DMode":false,"pivot":{"x":-2.084019660949707,"y":2.077040195465088,"z":1.8122310638427735},"rotation":{"x":0.11137870699167252,"y":0.7522963285446167,"z":-0.13177907466888429,"w":0.6358400583267212},"size":7.532442092895508,"orthographic":false}