{"cameraMode":{"drawMode":0,"name":"Shaded","section":"Shading Mode"},"sceneLighting":true,"audioPlay":false,"sceneViewState":{"showFog":true,"showMaterialUpdate":false,"showSkybox":true,"showFlares":true,"showImageEffects":true,"showParticleSystems":true},"in2DMode":false,"pivot":{"x":245.28335571289063,"y":325.35833740234377,"z":0.0},"rotation":{"x":0.09817524999380112,"y":0.08557561784982681,"z":-0.008471951819956303,"w":0.9914516806602478},"size":632.7787475585938,"orthographic":true}