{"cameraMode":{"drawMode":0,"name":"Shaded","section":"Shading Mode"},"sceneLighting":true,"audioPlay":false,"sceneViewState":{"showFog":true,"showMaterialUpdate":false,"showSkybox":true,"showFlares":true,"showImageEffects":true,"showParticleSystems":true},"in2DMode":false,"pivot":{"x":439.11151123046877,"y":20.949575424194337,"z":-52.55744934082031},"rotation":{"x":0.000999565701931715,"y":0.032993510365486148,"z":-0.00003311323598609306,"w":0.9994590282440186},"size":3.669619560241699,"orthographic":true}