{"cameraMode":{"drawMode":0,"name":"Shaded","section":"Shading Mode"},"sceneLighting":true,"audioPlay":false,"sceneViewState":{"showFog":true,"showMaterialUpdate":false,"showSkybox":true,"showFlares":true,"showImageEffects":true,"showParticleSystems":true},"in2DMode":false,"pivot":{"x":236.76498413085938,"y":142.88499450683595,"z":0.0},"rotation":{"x":-0.0018005288438871503,"y":0.016487589105963708,"z":-0.00004587047078530304,"w":-0.999883770942688},"size":394.5408630371094,"orthographic":true}