{"cameraMode":{"drawMode":0,"name":"Shaded","section":"Shading Mode"},"sceneLighting":false,"audioPlay":false,"sceneViewState":{"showFog":true,"showMaterialUpdate":false,"showSkybox":false,"showFlares":true,"showImageEffects":true,"showParticleSystems":true},"in2DMode":false,"pivot":{"x":70.74072265625,"y":23.78199577331543,"z":47.970001220703128},"rotation":{"x":0.39549967646598818,"y":0.10026892274618149,"z":-0.04347158595919609,"w":0.9119559526443481},"size":6.754630088806152,"orthographic":true}