{"cameraMode":{"drawMode":0,"name":"Shaded","section":"Shading Mode"},"sceneLighting":false,"audioPlay":false,"sceneViewState":{"showFog":true,"showMaterialUpdate":false,"showSkybox":false,"showFlares":true,"showImageEffects":true,"showParticleSystems":true},"in2DMode":false,"pivot":{"x":2.7869749069213869,"y":0.10744999349117279,"z":3.1040492057800295},"rotation":{"x":0.3144210875034332,"y":-0.14868968725204469,"z":0.04993373900651932,"w":0.9362396001815796},"size":0.4390089213848114,"orthographic":false}